section_id,line_name,chainage_m,offset_m,x_center,y_center,existing_z_m,design_z_m,cut_fill_m
Drain_2_106_105_CS000,Drain_2_106_105,0.0,-10.0,1018.0,974.0,110.3266174816441,106.0,4.3266174816441065
Drain_2_106_105_CS000,Drain_2_106_105,0.0,-9.5,1018.0,974.0,110.3266174816441,106.0,4.3266174816441065
Drain_2_106_105_CS000,Drain_2_106_105,0.0,-9.0,1018.0,974.0,110.3266174816441,106.0,4.3266174816441065
Drain_2_106_105_CS000,Drain_2_106_105,0.0,-8.5,1018.0,974.0,110.3266174816441,106.0,4.3266174816441065
Drain_2_106_105_CS000,Drain_2_106_105,0.0,-8.0,1018.0,974.0,110.3266174816441,106.0,4.3266174816441065
Drain_2_106_105_CS000,Drain_2_106_105,0.0,-7.5,1018.0,974.0,110.3266174816441,106.0,4.3266174816441065
Drain_2_106_105_CS000,Drain_2_106_105,0.0,-7.0,1018.0,974.0,110.3266174816441,106.0,4.3266174816441065
Drain_2_106_105_CS000,Drain_2_106_105,0.0,-6.5,1018.0,974.0,110.3266174816441,106.0,4.3266174816441065
Drain_2_106_105_CS000,Drain_2_106_105,0.0,-6.0,1018.0,974.0,110.3266174816441,106.0,4.3266174816441065
Drain_2_106_105_CS000,Drain_2_106_105,0.0,-5.5,1018.0,974.0,110.3266174816441,106.0,4.3266174816441065
Drain_2_106_105_CS000,Drain_2_106_105,0.0,-5.0,1018.0,974.0,110.3266174816441,106.0,4.3266174816441065
Drain_2_106_105_CS000,Drain_2_106_105,0.0,-4.5,1018.0,974.0,110.3266174816441,106.0,4.3266174816441065
Drain_2_106_105_CS000,Drain_2_106_105,0.0,-4.0,1018.0,974.0,110.3266174816441,106.0,4.3266174816441065
Drain_2_106_105_CS000,Drain_2_106_105,0.0,-3.5,1018.0,974.0,110.3266174816441,106.0,4.3266174816441065
Drain_2_106_105_CS000,Drain_2_106_105,0.0,-3.0,1018.0,974.0,110.3266174816441,106.0,4.3266174816441065
Drain_2_106_105_CS000,Drain_2_106_105,0.0,-2.5,1018.0,974.0,110.3266174816441,106.0,4.3266174816441065
Drain_2_106_105_CS000,Drain_2_106_105,0.0,-2.0,1018.0,974.0,110.3266174816441,106.0,4.3266174816441065
Drain_2_106_105_CS000,Drain_2_106_105,0.0,-1.5,1018.0,974.0,110.3266174816441,106.0,4.3266174816441065
Drain_2_106_105_CS000,Drain_2_106_105,0.0,-1.0,1018.0,974.0,110.3266174816441,106.0,4.3266174816441065
Drain_2_106_105_CS000,Drain_2_106_105,0.0,-0.5,1018.0,974.0,110.3266174816441,106.0,4.3266174816441065
Drain_2_106_105_CS000,Drain_2_106_105,0.0,0.0,1018.0,974.0,110.3266174816441,106.0,4.3266174816441065
Drain_2_106_105_CS000,Drain_2_106_105,0.0,0.5,1018.0,974.0,110.3266174816441,106.0,4.3266174816441065
Drain_2_106_105_CS000,Drain_2_106_105,0.0,1.0,1018.0,974.0,110.3266174816441,106.0,4.3266174816441065
Drain_2_106_105_CS000,Drain_2_106_105,0.0,1.5,1018.0,974.0,110.3266174816441,106.0,4.3266174816441065
Drain_2_106_105_CS000,Drain_2_106_105,0.0,2.0,1018.0,974.0,110.3266174816441,106.0,4.3266174816441065
Drain_2_106_105_CS000,Drain_2_106_105,0.0,2.5,1018.0,974.0,110.3266174816441,106.0,4.3266174816441065
Drain_2_106_105_CS000,Drain_2_106_105,0.0,3.0,1018.0,974.0,110.3266174816441,106.0,4.3266174816441065
Drain_2_106_105_CS000,Drain_2_106_105,0.0,3.5,1018.0,974.0,110.3266174816441,106.0,4.3266174816441065
Drain_2_106_105_CS000,Drain_2_106_105,0.0,4.0,1018.0,974.0,110.3266174816441,106.0,4.3266174816441065
Drain_2_106_105_CS000,Drain_2_106_105,0.0,4.5,1018.0,974.0,110.3266174816441,106.0,4.3266174816441065
Drain_2_106_105_CS000,Drain_2_106_105,0.0,5.0,1018.0,974.0,110.3266174816441,106.0,4.3266174816441065
Drain_2_106_105_CS000,Drain_2_106_105,0.0,5.5,1018.0,974.0,110.3266174816441,106.0,4.3266174816441065
Drain_2_106_105_CS000,Drain_2_106_105,0.0,6.0,1018.0,974.0,110.3266174816441,106.0,4.3266174816441065
Drain_2_106_105_CS000,Drain_2_106_105,0.0,6.5,1018.0,974.0,110.3266174816441,106.0,4.3266174816441065
Drain_2_106_105_CS000,Drain_2_106_105,0.0,7.0,1018.0,974.0,110.3266174816441,106.0,4.3266174816441065
Drain_2_106_105_CS000,Drain_2_106_105,0.0,7.5,1018.0,974.0,110.3266174816441,106.0,4.3266174816441065
Drain_2_106_105_CS000,Drain_2_106_105,0.0,8.0,1018.0,974.0,110.3266174816441,106.0,4.3266174816441065
Drain_2_106_105_CS000,Drain_2_106_105,0.0,8.5,1018.0,974.0,110.3266174816441,106.0,4.3266174816441065
Drain_2_106_105_CS000,Drain_2_106_105,0.0,9.0,1018.0,974.0,110.3266174816441,106.0,4.3266174816441065
Drain_2_106_105_CS000,Drain_2_106_105,0.0,9.5,1018.0,974.0,110.3266174816441,106.0,4.3266174816441065
Drain_2_106_105_CS000,Drain_2_106_105,0.0,10.0,1018.0,974.0,110.3266174816441,106.0,4.3266174816441065
Drain_2_106_105_CS001,Drain_2_106_105,0.6214530069263313,-10.0,1018.6056298270408,973.8606574278396,110.1270066500486,105.92772552744424,4.199281122604361
Drain_2_106_105_CS001,Drain_2_106_105,0.6214530069263313,-9.5,1018.6056298270408,973.8606574278396,110.1270066500486,105.92772552744424,4.199281122604361
Drain_2_106_105_CS001,Drain_2_106_105,0.6214530069263313,-9.0,1018.6056298270408,973.8606574278396,110.1270066500486,105.92772552744424,4.199281122604361
Drain_2_106_105_CS001,Drain_2_106_105,0.6214530069263313,-8.5,1018.6056298270408,973.8606574278396,110.1270066500486,105.92772552744424,4.199281122604361
Drain_2_106_105_CS001,Drain_2_106_105,0.6214530069263313,-8.0,1018.6056298270408,973.8606574278396,110.1270066500486,105.92772552744424,4.199281122604361
Drain_2_106_105_CS001,Drain_2_106_105,0.6214530069263313,-7.5,1018.6056298270408,973.8606574278396,110.1270066500486,105.92772552744424,4.199281122604361
Drain_2_106_105_CS001,Drain_2_106_105,0.6214530069263313,-7.0,1018.6056298270408,973.8606574278396,110.1270066500486,105.92772552744424,4.199281122604361
Drain_2_106_105_CS001,Drain_2_106_105,0.6214530069263313,-6.5,1018.6056298270408,973.8606574278396,110.1270066500486,105.92772552744424,4.199281122604361
Drain_2_106_105_CS001,Drain_2_106_105,0.6214530069263313,-6.0,1018.6056298270408,973.8606574278396,110.1270066500486,105.92772552744424,4.199281122604361
Drain_2_106_105_CS001,Drain_2_106_105,0.6214530069263313,-5.5,1018.6056298270408,973.8606574278396,110.1270066500486,105.92772552744424,4.199281122604361
Drain_2_106_105_CS001,Drain_2_106_105,0.6214530069263313,-5.0,1018.6056298270408,973.8606574278396,110.1270066500486,105.92772552744424,4.199281122604361
Drain_2_106_105_CS001,Drain_2_106_105,0.6214530069263313,-4.5,1018.6056298270408,973.8606574278396,110.1270066500486,105.92772552744424,4.199281122604361
Drain_2_106_105_CS001,Drain_2_106_105,0.6214530069263313,-4.0,1018.6056298270408,973.8606574278396,110.1270066500486,105.92772552744424,4.199281122604361
Drain_2_106_105_CS001,Drain_2_106_105,0.6214530069263313,-3.5,1018.6056298270408,973.8606574278396,110.1270066500486,105.92772552744424,4.199281122604361
Drain_2_106_105_CS001,Drain_2_106_105,0.6214530069263313,-3.0,1018.6056298270408,973.8606574278396,110.1270066500486,105.92772552744424,4.199281122604361
Drain_2_106_105_CS001,Drain_2_106_105,0.6214530069263313,-2.5,1018.6056298270408,973.8606574278396,110.1270066500486,105.92772552744424,4.199281122604361
Drain_2_106_105_CS001,Drain_2_106_105,0.6214530069263313,-2.0,1018.6056298270408,973.8606574278396,110.1270066500486,105.92772552744424,4.199281122604361
Drain_2_106_105_CS001,Drain_2_106_105,0.6214530069263313,-1.5,1018.6056298270408,973.8606574278396,110.1270066500486,105.92772552744424,4.199281122604361
Drain_2_106_105_CS001,Drain_2_106_105,0.6214530069263313,-1.0,1018.6056298270408,973.8606574278396,110.1270066500486,105.92772552744424,4.199281122604361
Drain_2_106_105_CS001,Drain_2_106_105,0.6214530069263313,-0.5,1018.6056298270408,973.8606574278396,110.1270066500486,105.92772552744424,4.199281122604361
Drain_2_106_105_CS001,Drain_2_106_105,0.6214530069263313,0.0,1018.6056298270408,973.8606574278396,110.1270066500486,105.92772552744424,4.199281122604361
Drain_2_106_105_CS001,Drain_2_106_105,0.6214530069263313,0.5,1018.6056298270408,973.8606574278396,110.1270066500486,105.92772552744424,4.199281122604361
Drain_2_106_105_CS001,Drain_2_106_105,0.6214530069263313,1.0,1018.6056298270408,973.8606574278396,110.1270066500486,105.92772552744424,4.199281122604361
Drain_2_106_105_CS001,Drain_2_106_105,0.6214530069263313,1.5,1018.6056298270408,973.8606574278396,110.1270066500486,105.92772552744424,4.199281122604361
Drain_2_106_105_CS001,Drain_2_106_105,0.6214530069263313,2.0,1018.6056298270408,973.8606574278396,110.1270066500486,105.92772552744424,4.199281122604361
Drain_2_106_105_CS001,Drain_2_106_105,0.6214530069263313,2.5,1018.6056298270408,973.8606574278396,110.1270066500486,105.92772552744424,4.199281122604361
Drain_2_106_105_CS001,Drain_2_106_105,0.6214530069263313,3.0,1018.6056298270408,973.8606574278396,110.1270066500486,105.92772552744424,4.199281122604361
Drain_2_106_105_CS001,Drain_2_106_105,0.6214530069263313,3.5,1018.6056298270408,973.8606574278396,110.1270066500486,105.92772552744424,4.199281122604361
Drain_2_106_105_CS001,Drain_2_106_105,0.6214530069263313,4.0,1018.6056298270408,973.8606574278396,110.1270066500486,105.92772552744424,4.199281122604361
Drain_2_106_105_CS001,Drain_2_106_105,0.6214530069263313,4.5,1018.6056298270408,973.8606574278396,110.1270066500486,105.92772552744424,4.199281122604361
Drain_2_106_105_CS001,Drain_2_106_105,0.6214530069263313,5.0,1018.6056298270408,973.8606574278396,110.1270066500486,105.92772552744424,4.199281122604361
Drain_2_106_105_CS001,Drain_2_106_105,0.6214530069263313,5.5,1018.6056298270408,973.8606574278396,110.1270066500486,105.92772552744424,4.199281122604361
Drain_2_106_105_CS001,Drain_2_106_105,0.6214530069263313,6.0,1018.6056298270408,973.8606574278396,110.1270066500486,105.92772552744424,4.199281122604361
Drain_2_106_105_CS001,Drain_2_106_105,0.6214530069263313,6.5,1018.6056298270408,973.8606574278396,110.1270066500486,105.92772552744424,4.199281122604361
Drain_2_106_105_CS001,Drain_2_106_105,0.6214530069263313,7.0,1018.6056298270408,973.8606574278396,110.1270066500486,105.92772552744424,4.199281122604361
Drain_2_106_105_CS001,Drain_2_106_105,0.6214530069263313,7.5,1018.6056298270408,973.8606574278396,110.1270066500486,105.92772552744424,4.199281122604361
Drain_2_106_105_CS001,Drain_2_106_105,0.6214530069263313,8.0,1018.6056298270408,973.8606574278396,110.1270066500486,105.92772552744424,4.199281122604361
Drain_2_106_105_CS001,Drain_2_106_105,0.6214530069263313,8.5,1018.6056298270408,973.8606574278396,110.1270066500486,105.92772552744424,4.199281122604361
Drain_2_106_105_CS001,Drain_2_106_105,0.6214530069263313,9.0,1018.6056298270408,973.8606574278396,110.1270066500486,105.92772552744424,4.199281122604361
Drain_2_106_105_CS001,Drain_2_106_105,0.6214530069263313,9.5,1018.6056298270408,973.8606574278396,110.1270066500486,105.92772552744424,4.199281122604361
Drain_2_106_105_CS001,Drain_2_106_105,0.6214530069263313,10.0,1018.6056298270408,973.8606574278396,110.1270066500486,105.92772552744424,4.199281122604361
Drain_2_106_105_CS002,Drain_2_106_105,1.2843488490721031,-10.0,1019.2680150516434,973.8866711119772,109.83838019622706,105.85063128730616,3.9877489089209064
Drain_2_106_105_CS002,Drain_2_106_105,1.2843488490721031,-9.5,1019.2680150516434,973.8866711119772,109.83838019622706,105.85063128730616,3.9877489089209064
Drain_2_106_105_CS002,Drain_2_106_105,1.2843488490721031,-9.0,1019.2680150516434,973.8866711119772,109.83838019622706,105.85063128730616,3.9877489089209064
Drain_2_106_105_CS002,Drain_2_106_105,1.2843488490721031,-8.5,1019.2680150516434,973.8866711119772,109.83838019622706,105.85063128730616,3.9877489089209064
Drain_2_106_105_CS002,Drain_2_106_105,1.2843488490721031,-8.0,1019.2680150516434,973.8866711119772,109.83838019622706,105.85063128730616,3.9877489089209064
Drain_2_106_105_CS002,Drain_2_106_105,1.2843488490721031,-7.5,1019.2680150516434,973.8866711119772,109.83838019622706,105.85063128730616,3.9877489089209064
Drain_2_106_105_CS002,Drain_2_106_105,1.2843488490721031,-7.0,1019.2680150516434,973.8866711119772,109.83838019622706,105.85063128730616,3.9877489089209064
Drain_2_106_105_CS002,Drain_2_106_105,1.2843488490721031,-6.5,1019.2680150516434,973.8866711119772,109.83838019622706,105.85063128730616,3.9877489089209064
Drain_2_106_105_CS002,Drain_2_106_105,1.2843488490721031,-6.0,1019.2680150516434,973.8866711119772,109.83838019622706,105.85063128730616,3.9877489089209064
Drain_2_106_105_CS002,Drain_2_106_105,1.2843488490721031,-5.5,1019.2680150516434,973.8866711119772,109.83838019622706,105.85063128730616,3.9877489089209064
Drain_2_106_105_CS002,Drain_2_106_105,1.2843488490721031,-5.0,1019.2680150516434,973.8866711119772,109.83838019622706,105.85063128730616,3.9877489089209064
Drain_2_106_105_CS002,Drain_2_106_105,1.2843488490721031,-4.5,1019.2680150516434,973.8866711119772,109.83838019622706,105.85063128730616,3.9877489089209064
Drain_2_106_105_CS002,Drain_2_106_105,1.2843488490721031,-4.0,1019.2680150516434,973.8866711119772,109.83838019622706,105.85063128730616,3.9877489089209064
Drain_2_106_105_CS002,Drain_2_106_105,1.2843488490721031,-3.5,1019.2680150516434,973.8866711119772,109.83838019622706,105.85063128730616,3.9877489089209064
Drain_2_106_105_CS002,Drain_2_106_105,1.2843488490721031,-3.0,1019.2680150516434,973.8866711119772,109.83838019622706,105.85063128730616,3.9877489089209064
Drain_2_106_105_CS002,Drain_2_106_105,1.2843488490721031,-2.5,1019.2680150516434,973.8866711119772,109.83838019622706,105.85063128730616,3.9877489089209064
Drain_2_106_105_CS002,Drain_2_106_105,1.2843488490721031,-2.0,1019.2680150516434,973.8866711119772,109.83838019622706,105.85063128730616,3.9877489089209064
Drain_2_106_105_CS002,Drain_2_106_105,1.2843488490721031,-1.5,1019.2680150516434,973.8866711119772,109.83838019622706,105.85063128730616,3.9877489089209064
Drain_2_106_105_CS002,Drain_2_106_105,1.2843488490721031,-1.0,1019.2680150516434,973.8866711119772,109.83838019622706,105.85063128730616,3.9877489089209064
Drain_2_106_105_CS002,Drain_2_106_105,1.2843488490721031,-0.5,1019.2680150516434,973.8866711119772,109.83838019622706,105.85063128730616,3.9877489089209064
Drain_2_106_105_CS002,Drain_2_106_105,1.2843488490721031,0.0,1019.2680150516434,973.8866711119772,109.83838019622706,105.85063128730616,3.9877489089209064
Drain_2_106_105_CS002,Drain_2_106_105,1.2843488490721031,0.5,1019.2680150516434,973.8866711119772,109.83838019622706,105.85063128730616,3.9877489089209064
Drain_2_106_105_CS002,Drain_2_106_105,1.2843488490721031,1.0,1019.2680150516434,973.8866711119772,109.83838019622706,105.85063128730616,3.9877489089209064
Drain_2_106_105_CS002,Drain_2_106_105,1.2843488490721031,1.5,1019.2680150516434,973.8866711119772,109.83838019622706,105.85063128730616,3.9877489089209064
Drain_2_106_105_CS002,Drain_2_106_105,1.2843488490721031,2.0,1019.2680150516434,973.8866711119772,109.83838019622706,105.85063128730616,3.9877489089209064
Drain_2_106_105_CS002,Drain_2_106_105,1.2843488490721031,2.5,1019.2680150516434,973.8866711119772,109.83838019622706,105.85063128730616,3.9877489089209064
Drain_2_106_105_CS002,Drain_2_106_105,1.2843488490721031,3.0,1019.2680150516434,973.8866711119772,109.83838019622706,105.85063128730616,3.9877489089209064
Drain_2_106_105_CS002,Drain_2_106_105,1.2843488490721031,3.5,1019.2680150516434,973.8866711119772,109.83838019622706,105.85063128730616,3.9877489089209064
Drain_2_106_105_CS002,Drain_2_106_105,1.2843488490721031,4.0,1019.2680150516434,973.8866711119772,109.83838019622706,105.85063128730616,3.9877489089209064
Drain_2_106_105_CS002,Drain_2_106_105,1.2843488490721031,4.5,1019.2680150516434,973.8866711119772,109.83838019622706,105.85063128730616,3.9877489089209064
Drain_2_106_105_CS002,Drain_2_106_105,1.2843488490721031,5.0,1019.2680150516434,973.8866711119772,109.83838019622706,105.85063128730616,3.9877489089209064
Drain_2_106_105_CS002,Drain_2_106_105,1.2843488490721031,5.5,1019.2680150516434,973.8866711119772,109.83838019622706,105.85063128730616,3.9877489089209064
Drain_2_106_105_CS002,Drain_2_106_105,1.2843488490721031,6.0,1019.2680150516434,973.8866711119772,109.83838019622706,105.85063128730616,3.9877489089209064
Drain_2_106_105_CS002,Drain_2_106_105,1.2843488490721031,6.5,1019.2680150516434,973.8866711119772,109.83838019622706,105.85063128730616,3.9877489089209064
Drain_2_106_105_CS002,Drain_2_106_105,1.2843488490721031,7.0,1019.2680150516434,973.8866711119772,109.83838019622706,105.85063128730616,3.9877489089209064
Drain_2_106_105_CS002,Drain_2_106_105,1.2843488490721031,7.5,1019.2680150516434,973.8866711119772,109.83838019622706,105.85063128730616,3.9877489089209064
Drain_2_106_105_CS002,Drain_2_106_105,1.2843488490721031,8.0,1019.2680150516434,973.8866711119772,109.83838019622706,105.85063128730616,3.9877489089209064
Drain_2_106_105_CS002,Drain_2_106_105,1.2843488490721031,8.5,1019.2680150516434,973.8866711119772,109.83838019622706,105.85063128730616,3.9877489089209064
Drain_2_106_105_CS002,Drain_2_106_105,1.2843488490721031,9.0,1019.2680150516434,973.8866711119772,109.83838019622706,105.85063128730616,3.9877489089209064
Drain_2_106_105_CS002,Drain_2_106_105,1.2843488490721031,9.5,1019.2680150516434,973.8866711119772,109.83838019622706,105.85063128730616,3.9877489089209064
Drain_2_106_105_CS002,Drain_2_106_105,1.2843488490721031,10.0,1019.2680150516434,973.8866711119772,109.83838019622706,105.85063128730616,3.9877489089209064
Drain_2_106_105_CS003,Drain_2_106_105,1.9931689171535016,-10.0,1019.9521855429648,974.071972562916,109.51875648215932,105.76819609753872,3.7505603846205986
Drain_2_106_105_CS003,Drain_2_106_105,1.9931689171535016,-9.5,1019.9521855429648,974.071972562916,109.51875648215932,105.76819609753872,3.7505603846205986
Drain_2_106_105_CS003,Drain_2_106_105,1.9931689171535016,-9.0,1019.9521855429648,974.071972562916,109.51875648215932,105.76819609753872,3.7505603846205986
Drain_2_106_105_CS003,Drain_2_106_105,1.9931689171535016,-8.5,1019.9521855429648,974.071972562916,109.51875648215932,105.76819609753872,3.7505603846205986
Drain_2_106_105_CS003,Drain_2_106_105,1.9931689171535016,-8.0,1019.9521855429648,974.071972562916,109.51875648215932,105.76819609753872,3.7505603846205986
Drain_2_106_105_CS003,Drain_2_106_105,1.9931689171535016,-7.5,1019.9521855429648,974.071972562916,109.51875648215932,105.76819609753872,3.7505603846205986
Drain_2_106_105_CS003,Drain_2_106_105,1.9931689171535016,-7.0,1019.9521855429648,974.071972562916,109.51875648215932,105.76819609753872,3.7505603846205986
Drain_2_106_105_CS003,Drain_2_106_105,1.9931689171535016,-6.5,1019.9521855429648,974.071972562916,109.51875648215932,105.76819609753872,3.7505603846205986
Drain_2_106_105_CS003,Drain_2_106_105,1.9931689171535016,-6.0,1019.9521855429648,974.071972562916,109.51875648215932,105.76819609753872,3.7505603846205986
Drain_2_106_105_CS003,Drain_2_106_105,1.9931689171535016,-5.5,1019.9521855429648,974.071972562916,109.51875648215932,105.76819609753872,3.7505603846205986
Drain_2_106_105_CS003,Drain_2_106_105,1.9931689171535016,-5.0,1019.9521855429648,974.071972562916,109.51875648215932,105.76819609753872,3.7505603846205986
Drain_2_106_105_CS003,Drain_2_106_105,1.9931689171535016,-4.5,1019.9521855429648,974.071972562916,109.51875648215932,105.76819609753872,3.7505603846205986
Drain_2_106_105_CS003,Drain_2_106_105,1.9931689171535016,-4.0,1019.9521855429648,974.071972562916,109.51875648215932,105.76819609753872,3.7505603846205986
Drain_2_106_105_CS003,Drain_2_106_105,1.9931689171535016,-3.5,1019.9521855429648,974.071972562916,109.51875648215932,105.76819609753872,3.7505603846205986
Drain_2_106_105_CS003,Drain_2_106_105,1.9931689171535016,-3.0,1019.9521855429648,974.071972562916,109.51875648215932,105.76819609753872,3.7505603846205986
Drain_2_106_105_CS003,Drain_2_106_105,1.9931689171535016,-2.5,1019.9521855429648,974.071972562916,109.51875648215932,105.76819609753872,3.7505603846205986
Drain_2_106_105_CS003,Drain_2_106_105,1.9931689171535016,-2.0,1019.9521855429648,974.071972562916,109.51875648215932,105.76819609753872,3.7505603846205986
Drain_2_106_105_CS003,Drain_2_106_105,1.9931689171535016,-1.5,1019.9521855429648,974.071972562916,109.51875648215932,105.76819609753872,3.7505603846205986
Drain_2_106_105_CS003,Drain_2_106_105,1.9931689171535016,-1.0,1019.9521855429648,974.071972562916,109.51875648215932,105.76819609753872,3.7505603846205986
Drain_2_106_105_CS003,Drain_2_106_105,1.9931689171535016,-0.5,1019.9521855429648,974.071972562916,109.51875648215932,105.76819609753872,3.7505603846205986
Drain_2_106_105_CS003,Drain_2_106_105,1.9931689171535016,0.0,1019.9521855429648,974.071972562916,109.51875648215932,105.76819609753872,3.7505603846205986
Drain_2_106_105_CS003,Drain_2_106_105,1.9931689171535016,0.5,1019.9521855429648,974.071972562916,109.51875648215932,105.76819609753872,3.7505603846205986
Drain_2_106_105_CS003,Drain_2_106_105,1.9931689171535016,1.0,1019.9521855429648,974.071972562916,109.51875648215932,105.76819609753872,3.7505603846205986
Drain_2_106_105_CS003,Drain_2_106_105,1.9931689171535016,1.5,1019.9521855429648,974.071972562916,109.51875648215932,105.76819609753872,3.7505603846205986
Drain_2_106_105_CS003,Drain_2_106_105,1.9931689171535016,2.0,1019.9521855429648,974.071972562916,109.51875648215932,105.76819609753872,3.7505603846205986
Drain_2_106_105_CS003,Drain_2_106_105,1.9931689171535016,2.5,1019.9521855429648,974.071972562916,109.51875648215932,105.76819609753872,3.7505603846205986
Drain_2_106_105_CS003,Drain_2_106_105,1.9931689171535016,3.0,1019.9521855429648,974.071972562916,109.51875648215932,105.76819609753872,3.7505603846205986
Drain_2_106_105_CS003,Drain_2_106_105,1.9931689171535016,3.5,1019.9521855429648,974.071972562916,109.51875648215932,105.76819609753872,3.7505603846205986
Drain_2_106_105_CS003,Drain_2_106_105,1.9931689171535016,4.0,1019.9521855429648,974.071972562916,109.51875648215932,105.76819609753872,3.7505603846205986
Drain_2_106_105_CS003,Drain_2_106_105,1.9931689171535016,4.5,1019.9521855429648,974.071972562916,109.51875648215932,105.76819609753872,3.7505603846205986
Drain_2_106_105_CS003,Drain_2_106_105,1.9931689171535016,5.0,1019.9521855429648,974.071972562916,109.51875648215932,105.76819609753872,3.7505603846205986
Drain_2_106_105_CS003,Drain_2_106_105,1.9931689171535016,5.5,1019.9521855429648,974.071972562916,109.51875648215932,105.76819609753872,3.7505603846205986
Drain_2_106_105_CS003,Drain_2_106_105,1.9931689171535016,6.0,1019.9521855429648,974.071972562916,109.51875648215932,105.76819609753872,3.7505603846205986
Drain_2_106_105_CS003,Drain_2_106_105,1.9931689171535016,6.5,1019.9521855429648,974.071972562916,109.51875648215932,105.76819609753872,3.7505603846205986
Drain_2_106_105_CS003,Drain_2_106_105,1.9931689171535016,7.0,1019.9521855429648,974.071972562916,109.51875648215932,105.76819609753872,3.7505603846205986
Drain_2_106_105_CS003,Drain_2_106_105,1.9931689171535016,7.5,1019.9521855429648,974.071972562916,109.51875648215932,105.76819609753872,3.7505603846205986
Drain_2_106_105_CS003,Drain_2_106_105,1.9931689171535016,8.0,1019.9521855429648,974.071972562916,109.51875648215932,105.76819609753872,3.7505603846205986
Drain_2_106_105_CS003,Drain_2_106_105,1.9931689171535016,8.5,1019.9521855429648,974.071972562916,109.51875648215932,105.76819609753872,3.7505603846205986
Drain_2_106_105_CS003,Drain_2_106_105,1.9931689171535016,9.0,1019.9521855429648,974.071972562916,109.51875648215932,105.76819609753872,3.7505603846205986
Drain_2_106_105_CS003,Drain_2_106_105,1.9931689171535016,9.5,1019.9521855429648,974.071972562916,109.51875648215932,105.76819609753872,3.7505603846205986
Drain_2_106_105_CS003,Drain_2_106_105,1.9931689171535016,10.0,1019.9521855429648,974.071972562916,109.51875648215932,105.76819609753872,3.7505603846205986
Drain_2_106_105_CS004,Drain_2_106_105,2.7787357579062872,-10.0,1020.6581413010034,974.4165617806556,109.18510649702344,105.67683532135788,3.5082711756655556
Drain_2_106_105_CS004,Drain_2_106_105,2.7787357579062872,-9.5,1020.6581413010034,974.4165617806556,109.18510649702344,105.67683532135788,3.5082711756655556
Drain_2_106_105_CS004,Drain_2_106_105,2.7787357579062872,-9.0,1020.6581413010034,974.4165617806556,109.18510649702344,105.67683532135788,3.5082711756655556
Drain_2_106_105_CS004,Drain_2_106_105,2.7787357579062872,-8.5,1020.6581413010034,974.4165617806556,109.18510649702344,105.67683532135788,3.5082711756655556
Drain_2_106_105_CS004,Drain_2_106_105,2.7787357579062872,-8.0,1020.6581413010034,974.4165617806556,109.18510649702344,105.67683532135788,3.5082711756655556
Drain_2_106_105_CS004,Drain_2_106_105,2.7787357579062872,-7.5,1020.6581413010034,974.4165617806556,109.18510649702344,105.67683532135788,3.5082711756655556
Drain_2_106_105_CS004,Drain_2_106_105,2.7787357579062872,-7.0,1020.6581413010034,974.4165617806556,109.18510649702344,105.67683532135788,3.5082711756655556
Drain_2_106_105_CS004,Drain_2_106_105,2.7787357579062872,-6.5,1020.6581413010034,974.4165617806556,109.18510649702344,105.67683532135788,3.5082711756655556
Drain_2_106_105_CS004,Drain_2_106_105,2.7787357579062872,-6.0,1020.6581413010034,974.4165617806556,109.18510649702344,105.67683532135788,3.5082711756655556
Drain_2_106_105_CS004,Drain_2_106_105,2.7787357579062872,-5.5,1020.6581413010034,974.4165617806556,109.18510649702344,105.67683532135788,3.5082711756655556
Drain_2_106_105_CS004,Drain_2_106_105,2.7787357579062872,-5.0,1020.6581413010034,974.4165617806556,109.18510649702344,105.67683532135788,3.5082711756655556
Drain_2_106_105_CS004,Drain_2_106_105,2.7787357579062872,-4.5,1020.6581413010034,974.4165617806556,109.18510649702344,105.67683532135788,3.5082711756655556
Drain_2_106_105_CS004,Drain_2_106_105,2.7787357579062872,-4.0,1020.6581413010034,974.4165617806556,109.18510649702344,105.67683532135788,3.5082711756655556
Drain_2_106_105_CS004,Drain_2_106_105,2.7787357579062872,-3.5,1020.6581413010034,974.4165617806556,109.18510649702344,105.67683532135788,3.5082711756655556
Drain_2_106_105_CS004,Drain_2_106_105,2.7787357579062872,-3.0,1020.6581413010034,974.4165617806556,109.18510649702344,105.67683532135788,3.5082711756655556
Drain_2_106_105_CS004,Drain_2_106_105,2.7787357579062872,-2.5,1020.6581413010034,974.4165617806556,109.18510649702344,105.67683532135788,3.5082711756655556
Drain_2_106_105_CS004,Drain_2_106_105,2.7787357579062872,-2.0,1020.6581413010034,974.4165617806556,109.18510649702344,105.67683532135788,3.5082711756655556
Drain_2_106_105_CS004,Drain_2_106_105,2.7787357579062872,-1.5,1020.6581413010034,974.4165617806556,109.18510649702344,105.67683532135788,3.5082711756655556
Drain_2_106_105_CS004,Drain_2_106_105,2.7787357579062872,-1.0,1020.6581413010034,974.4165617806556,109.18510649702344,105.67683532135788,3.5082711756655556
Drain_2_106_105_CS004,Drain_2_106_105,2.7787357579062872,-0.5,1020.6581413010034,974.4165617806556,109.18510649702344,105.67683532135788,3.5082711756655556
Drain_2_106_105_CS004,Drain_2_106_105,2.7787357579062872,0.0,1020.6581413010034,974.4165617806556,109.18510649702344,105.67683532135788,3.5082711756655556
Drain_2_106_105_CS004,Drain_2_106_105,2.7787357579062872,0.5,1020.6581413010034,974.4165617806556,109.18510649702344,105.67683532135788,3.5082711756655556
Drain_2_106_105_CS004,Drain_2_106_105,2.7787357579062872,1.0,1020.6581413010034,974.4165617806556,109.18510649702344,105.67683532135788,3.5082711756655556
Drain_2_106_105_CS004,Drain_2_106_105,2.7787357579062872,1.5,1020.6581413010034,974.4165617806556,109.18510649702344,105.67683532135788,3.5082711756655556
Drain_2_106_105_CS004,Drain_2_106_105,2.7787357579062872,2.0,1020.6581413010034,974.4165617806556,109.18510649702344,105.67683532135788,3.5082711756655556
Drain_2_106_105_CS004,Drain_2_106_105,2.7787357579062872,2.5,1020.6581413010034,974.4165617806556,109.18510649702344,105.67683532135788,3.5082711756655556
Drain_2_106_105_CS004,Drain_2_106_105,2.7787357579062872,3.0,1020.6581413010034,974.4165617806556,109.18510649702344,105.67683532135788,3.5082711756655556
Drain_2_106_105_CS004,Drain_2_106_105,2.7787357579062872,3.5,1020.6581413010034,974.4165617806556,109.18510649702344,105.67683532135788,3.5082711756655556
Drain_2_106_105_CS004,Drain_2_106_105,2.7787357579062872,4.0,1020.6581413010034,974.4165617806556,109.18510649702344,105.67683532135788,3.5082711756655556
Drain_2_106_105_CS004,Drain_2_106_105,2.7787357579062872,4.5,1020.6581413010034,974.4165617806556,109.18510649702344,105.67683532135788,3.5082711756655556
Drain_2_106_105_CS004,Drain_2_106_105,2.7787357579062872,5.0,1020.6581413010034,974.4165617806556,109.18510649702344,105.67683532135788,3.5082711756655556
Drain_2_106_105_CS004,Drain_2_106_105,2.7787357579062872,5.5,1020.6581413010034,974.4165617806556,109.18510649702344,105.67683532135788,3.5082711756655556
Drain_2_106_105_CS004,Drain_2_106_105,2.7787357579062872,6.0,1020.6581413010034,974.4165617806556,109.18510649702344,105.67683532135788,3.5082711756655556
Drain_2_106_105_CS004,Drain_2_106_105,2.7787357579062872,6.5,1020.6581413010034,974.4165617806556,109.18510649702344,105.67683532135788,3.5082711756655556
Drain_2_106_105_CS004,Drain_2_106_105,2.7787357579062872,7.0,1020.6581413010034,974.4165617806556,109.18510649702344,105.67683532135788,3.5082711756655556
Drain_2_106_105_CS004,Drain_2_106_105,2.7787357579062872,7.5,1020.6581413010034,974.4165617806556,109.18510649702344,105.67683532135788,3.5082711756655556
Drain_2_106_105_CS004,Drain_2_106_105,2.7787357579062872,8.0,1020.6581413010034,974.4165617806556,109.18510649702344,105.67683532135788,3.5082711756655556
Drain_2_106_105_CS004,Drain_2_106_105,2.7787357579062872,8.5,1020.6581413010034,974.4165617806556,109.18510649702344,105.67683532135788,3.5082711756655556
Drain_2_106_105_CS004,Drain_2_106_105,2.7787357579062872,9.0,1020.6581413010034,974.4165617806556,109.18510649702344,105.67683532135788,3.5082711756655556
Drain_2_106_105_CS004,Drain_2_106_105,2.7787357579062872,9.5,1020.6581413010034,974.4165617806556,109.18510649702344,105.67683532135788,3.5082711756655556
Drain_2_106_105_CS004,Drain_2_106_105,2.7787357579062872,10.0,1020.6581413010034,974.4165617806556,109.18510649702344,105.67683532135788,3.5082711756655556
Drain_2_106_105_CS005,Drain_2_106_105,3.73952994665895,-10.0,1021.4033321827524,975.0230401585876,108.83472582863878,105.56509574901244,3.2696300796263387
Drain_2_106_105_CS005,Drain_2_106_105,3.73952994665895,-9.5,1021.4033321827524,975.0230401585876,108.83472582863878,105.56509574901244,3.2696300796263387
Drain_2_106_105_CS005,Drain_2_106_105,3.73952994665895,-9.0,1021.4033321827524,975.0230401585876,108.83472582863878,105.56509574901244,3.2696300796263387
Drain_2_106_105_CS005,Drain_2_106_105,3.73952994665895,-8.5,1021.4033321827524,975.0230401585876,108.83472582863878,105.56509574901244,3.2696300796263387
Drain_2_106_105_CS005,Drain_2_106_105,3.73952994665895,-8.0,1021.4033321827524,975.0230401585876,108.83472582863878,105.56509574901244,3.2696300796263387
Drain_2_106_105_CS005,Drain_2_106_105,3.73952994665895,-7.5,1021.4033321827524,975.0230401585876,108.83472582863878,105.56509574901244,3.2696300796263387
Drain_2_106_105_CS005,Drain_2_106_105,3.73952994665895,-7.0,1021.4033321827524,975.0230401585876,108.83472582863878,105.56509574901244,3.2696300796263387
Drain_2_106_105_CS005,Drain_2_106_105,3.73952994665895,-6.5,1021.4033321827524,975.0230401585876,108.83472582863878,105.56509574901244,3.2696300796263387
Drain_2_106_105_CS005,Drain_2_106_105,3.73952994665895,-6.0,1021.4033321827524,975.0230401585876,108.83472582863878,105.56509574901244,3.2696300796263387
Drain_2_106_105_CS005,Drain_2_106_105,3.73952994665895,-5.5,1021.4033321827524,975.0230401585876,108.83472582863878,105.56509574901244,3.2696300796263387
Drain_2_106_105_CS005,Drain_2_106_105,3.73952994665895,-5.0,1021.4033321827524,975.0230401585876,108.83472582863878,105.56509574901244,3.2696300796263387
Drain_2_106_105_CS005,Drain_2_106_105,3.73952994665895,-4.5,1021.4033321827524,975.0230401585876,108.83472582863878,105.56509574901244,3.2696300796263387
Drain_2_106_105_CS005,Drain_2_106_105,3.73952994665895,-4.0,1021.4033321827524,975.0230401585876,108.83472582863878,105.56509574901244,3.2696300796263387
Drain_2_106_105_CS005,Drain_2_106_105,3.73952994665895,-3.5,1021.4033321827524,975.0230401585876,108.83472582863878,105.56509574901244,3.2696300796263387
Drain_2_106_105_CS005,Drain_2_106_105,3.73952994665895,-3.0,1021.4033321827524,975.0230401585876,108.83472582863878,105.56509574901244,3.2696300796263387
Drain_2_106_105_CS005,Drain_2_106_105,3.73952994665895,-2.5,1021.4033321827524,975.0230401585876,108.83472582863878,105.56509574901244,3.2696300796263387
Drain_2_106_105_CS005,Drain_2_106_105,3.73952994665895,-2.0,1021.4033321827524,975.0230401585876,108.83472582863878,105.56509574901244,3.2696300796263387
Drain_2_106_105_CS005,Drain_2_106_105,3.73952994665895,-1.5,1021.4033321827524,975.0230401585876,108.83472582863878,105.56509574901244,3.2696300796263387
Drain_2_106_105_CS005,Drain_2_106_105,3.73952994665895,-1.0,1021.4033321827524,975.0230401585876,108.83472582863878,105.56509574901244,3.2696300796263387
Drain_2_106_105_CS005,Drain_2_106_105,3.73952994665895,-0.5,1021.4033321827524,975.0230401585876,108.83472582863878,105.56509574901244,3.2696300796263387
Drain_2_106_105_CS005,Drain_2_106_105,3.73952994665895,0.0,1021.4033321827524,975.0230401585876,108.83472582863878,105.56509574901244,3.2696300796263387
Drain_2_106_105_CS005,Drain_2_106_105,3.73952994665895,0.5,1021.4033321827524,975.0230401585876,108.83472582863878,105.56509574901244,3.2696300796263387
Drain_2_106_105_CS005,Drain_2_106_105,3.73952994665895,1.0,1021.4033321827524,975.0230401585876,108.83472582863878,105.56509574901244,3.2696300796263387
Drain_2_106_105_CS005,Drain_2_106_105,3.73952994665895,1.5,1021.4033321827524,975.0230401585876,108.83472582863878,105.56509574901244,3.2696300796263387
Drain_2_106_105_CS005,Drain_2_106_105,3.73952994665895,2.0,1021.4033321827524,975.0230401585876,108.83472582863878,105.56509574901244,3.2696300796263387
Drain_2_106_105_CS005,Drain_2_106_105,3.73952994665895,2.5,1021.4033321827524,975.0230401585876,108.83472582863878,105.56509574901244,3.2696300796263387
Drain_2_106_105_CS005,Drain_2_106_105,3.73952994665895,3.0,1021.4033321827524,975.0230401585876,108.83472582863878,105.56509574901244,3.2696300796263387
Drain_2_106_105_CS005,Drain_2_106_105,3.73952994665895,3.5,1021.4033321827524,975.0230401585876,108.83472582863878,105.56509574901244,3.2696300796263387
Drain_2_106_105_CS005,Drain_2_106_105,3.73952994665895,4.0,1021.4033321827524,975.0230401585876,108.83472582863878,105.56509574901244,3.2696300796263387
Drain_2_106_105_CS005,Drain_2_106_105,3.73952994665895,4.5,1021.4033321827524,975.0230401585876,108.83472582863878,105.56509574901244,3.2696300796263387
Drain_2_106_105_CS005,Drain_2_106_105,3.73952994665895,5.0,1021.4033321827524,975.0230401585876,108.83472582863878,105.56509574901244,3.2696300796263387
Drain_2_106_105_CS005,Drain_2_106_105,3.73952994665895,5.5,1021.4033321827524,975.0230401585876,108.83472582863878,105.56509574901244,3.2696300796263387
Drain_2_106_105_CS005,Drain_2_106_105,3.73952994665895,6.0,1021.4033321827524,975.0230401585876,108.83472582863878,105.56509574901244,3.2696300796263387
Drain_2_106_105_CS005,Drain_2_106_105,3.73952994665895,6.5,1021.4033321827524,975.0230401585876,108.83472582863878,105.56509574901244,3.2696300796263387
Drain_2_106_105_CS005,Drain_2_106_105,3.73952994665895,7.0,1021.4033321827524,975.0230401585876,108.83472582863878,105.56509574901244,3.2696300796263387
Drain_2_106_105_CS005,Drain_2_106_105,3.73952994665895,7.5,1021.4033321827524,975.0230401585876,108.83472582863878,105.56509574901244,3.2696300796263387
Drain_2_106_105_CS005,Drain_2_106_105,3.73952994665895,8.0,1021.4033321827524,975.0230401585876,108.83472582863878,105.56509574901244,3.2696300796263387
Drain_2_106_105_CS005,Drain_2_106_105,3.73952994665895,8.5,1021.4033321827524,975.0230401585876,108.83472582863878,105.56509574901244,3.2696300796263387
Drain_2_106_105_CS005,Drain_2_106_105,3.73952994665895,9.0,1021.4033321827524,975.0230401585876,108.83472582863878,105.56509574901244,3.2696300796263387
Drain_2_106_105_CS005,Drain_2_106_105,3.73952994665895,9.5,1021.4033321827524,975.0230401585876,108.83472582863878,105.56509574901244,3.2696300796263387
Drain_2_106_105_CS005,Drain_2_106_105,3.73952994665895,10.0,1021.4033321827524,975.0230401585876,108.83472582863878,105.56509574901244,3.2696300796263387
Drain_2_106_105_CS006,Drain_2_106_105,4.811389572111079,-10.0,1022.1523877247912,975.7897205689384,108.12569936332346,105.4404393579097,2.6852600054137667
Drain_2_106_105_CS006,Drain_2_106_105,4.811389572111079,-9.5,1022.1523877247912,975.7897205689384,108.12569936332346,105.4404393579097,2.6852600054137667
Drain_2_106_105_CS006,Drain_2_106_105,4.811389572111079,-9.0,1022.1523877247912,975.7897205689384,108.12569936332346,105.4404393579097,2.6852600054137667
Drain_2_106_105_CS006,Drain_2_106_105,4.811389572111079,-8.5,1022.1523877247912,975.7897205689384,108.12569936332346,105.4404393579097,2.6852600054137667
Drain_2_106_105_CS006,Drain_2_106_105,4.811389572111079,-8.0,1022.1523877247912,975.7897205689384,108.12569936332346,105.4404393579097,2.6852600054137667
Drain_2_106_105_CS006,Drain_2_106_105,4.811389572111079,-7.5,1022.1523877247912,975.7897205689384,108.12569936332346,105.4404393579097,2.6852600054137667
Drain_2_106_105_CS006,Drain_2_106_105,4.811389572111079,-7.0,1022.1523877247912,975.7897205689384,108.12569936332346,105.4404393579097,2.6852600054137667
Drain_2_106_105_CS006,Drain_2_106_105,4.811389572111079,-6.5,1022.1523877247912,975.7897205689384,108.12569936332346,105.4404393579097,2.6852600054137667
Drain_2_106_105_CS006,Drain_2_106_105,4.811389572111079,-6.0,1022.1523877247912,975.7897205689384,108.12569936332346,105.4404393579097,2.6852600054137667
Drain_2_106_105_CS006,Drain_2_106_105,4.811389572111079,-5.5,1022.1523877247912,975.7897205689384,108.12569936332346,105.4404393579097,2.6852600054137667
Drain_2_106_105_CS006,Drain_2_106_105,4.811389572111079,-5.0,1022.1523877247912,975.7897205689384,108.12569936332346,105.4404393579097,2.6852600054137667
Drain_2_106_105_CS006,Drain_2_106_105,4.811389572111079,-4.5,1022.1523877247912,975.7897205689384,108.12569936332346,105.4404393579097,2.6852600054137667
Drain_2_106_105_CS006,Drain_2_106_105,4.811389572111079,-4.0,1022.1523877247912,975.7897205689384,108.12569936332346,105.4404393579097,2.6852600054137667
Drain_2_106_105_CS006,Drain_2_106_105,4.811389572111079,-3.5,1022.1523877247912,975.7897205689384,108.12569936332346,105.4404393579097,2.6852600054137667
Drain_2_106_105_CS006,Drain_2_106_105,4.811389572111079,-3.0,1022.1523877247912,975.7897205689384,108.12569936332346,105.4404393579097,2.6852600054137667
Drain_2_106_105_CS006,Drain_2_106_105,4.811389572111079,-2.5,1022.1523877247912,975.7897205689384,108.12569936332346,105.4404393579097,2.6852600054137667
Drain_2_106_105_CS006,Drain_2_106_105,4.811389572111079,-2.0,1022.1523877247912,975.7897205689384,108.12569936332346,105.4404393579097,2.6852600054137667
Drain_2_106_105_CS006,Drain_2_106_105,4.811389572111079,-1.5,1022.1523877247912,975.7897205689384,108.12569936332346,105.4404393579097,2.6852600054137667
Drain_2_106_105_CS006,Drain_2_106_105,4.811389572111079,-1.0,1022.1523877247912,975.7897205689384,108.12569936332346,105.4404393579097,2.6852600054137667
Drain_2_106_105_CS006,Drain_2_106_105,4.811389572111079,-0.5,1022.1523877247912,975.7897205689384,108.12569936332346,105.4404393579097,2.6852600054137667
Drain_2_106_105_CS006,Drain_2_106_105,4.811389572111079,0.0,1022.1523877247912,975.7897205689384,108.12569936332346,105.4404393579097,2.6852600054137667
Drain_2_106_105_CS006,Drain_2_106_105,4.811389572111079,0.5,1022.1523877247912,975.7897205689384,108.12569936332346,105.4404393579097,2.6852600054137667
Drain_2_106_105_CS006,Drain_2_106_105,4.811389572111079,1.0,1022.1523877247912,975.7897205689384,108.12569936332346,105.4404393579097,2.6852600054137667
Drain_2_106_105_CS006,Drain_2_106_105,4.811389572111079,1.5,1022.1523877247912,975.7897205689384,108.12569936332346,105.4404393579097,2.6852600054137667
Drain_2_106_105_CS006,Drain_2_106_105,4.811389572111079,2.0,1022.1523877247912,975.7897205689384,108.12569936332346,105.4404393579097,2.6852600054137667
Drain_2_106_105_CS006,Drain_2_106_105,4.811389572111079,2.5,1022.1523877247912,975.7897205689384,108.12569936332346,105.4404393579097,2.6852600054137667
Drain_2_106_105_CS006,Drain_2_106_105,4.811389572111079,3.0,1022.1523877247912,975.7897205689384,108.12569936332346,105.4404393579097,2.6852600054137667
Drain_2_106_105_CS006,Drain_2_106_105,4.811389572111079,3.5,1022.1523877247912,975.7897205689384,108.12569936332346,105.4404393579097,2.6852600054137667
Drain_2_106_105_CS006,Drain_2_106_105,4.811389572111079,4.0,1022.1523877247912,975.7897205689384,108.12569936332346,105.4404393579097,2.6852600054137667
Drain_2_106_105_CS006,Drain_2_106_105,4.811389572111079,4.5,1022.1523877247912,975.7897205689384,108.12569936332346,105.4404393579097,2.6852600054137667
Drain_2_106_105_CS006,Drain_2_106_105,4.811389572111079,5.0,1022.1523877247912,975.7897205689384,108.12569936332346,105.4404393579097,2.6852600054137667
Drain_2_106_105_CS006,Drain_2_106_105,4.811389572111079,5.5,1022.1523877247912,975.7897205689384,108.12569936332346,105.4404393579097,2.6852600054137667
Drain_2_106_105_CS006,Drain_2_106_105,4.811389572111079,6.0,1022.1523877247912,975.7897205689384,108.12569936332346,105.4404393579097,2.6852600054137667
Drain_2_106_105_CS006,Drain_2_106_105,4.811389572111079,6.5,1022.1523877247912,975.7897205689384,108.12569936332346,105.4404393579097,2.6852600054137667
Drain_2_106_105_CS006,Drain_2_106_105,4.811389572111079,7.0,1022.1523877247912,975.7897205689384,108.12569936332346,105.4404393579097,2.6852600054137667
Drain_2_106_105_CS006,Drain_2_106_105,4.811389572111079,7.5,1022.1523877247912,975.7897205689384,108.12569936332346,105.4404393579097,2.6852600054137667
Drain_2_106_105_CS006,Drain_2_106_105,4.811389572111079,8.0,1022.1523877247912,975.7897205689384,108.12569936332346,105.4404393579097,2.6852600054137667
Drain_2_106_105_CS006,Drain_2_106_105,4.811389572111079,8.5,1022.1523877247912,975.7897205689384,108.12569936332346,105.4404393579097,2.6852600054137667
Drain_2_106_105_CS006,Drain_2_106_105,4.811389572111079,9.0,1022.1523877247912,975.7897205689384,108.12569936332346,105.4404393579097,2.6852600054137667
Drain_2_106_105_CS006,Drain_2_106_105,4.811389572111079,9.5,1022.1523877247912,975.7897205689384,108.12569936332346,105.4404393579097,2.6852600054137667
Drain_2_106_105_CS006,Drain_2_106_105,4.811389572111079,10.0,1022.1523877247912,975.7897205689384,108.12569936332346,105.4404393579097,2.6852600054137667
Drain_2_106_105_CS007,Drain_2_106_105,5.913976990735118,-10.0,1022.95084503989,976.5500921436784,107.7051951862401,105.31220934978435,2.3929858364557504
Drain_2_106_105_CS007,Drain_2_106_105,5.913976990735118,-9.5,1022.95084503989,976.5500921436784,107.7051951862401,105.31220934978435,2.3929858364557504
Drain_2_106_105_CS007,Drain_2_106_105,5.913976990735118,-9.0,1022.95084503989,976.5500921436784,107.7051951862401,105.31220934978435,2.3929858364557504
Drain_2_106_105_CS007,Drain_2_106_105,5.913976990735118,-8.5,1022.95084503989,976.5500921436784,107.7051951862401,105.31220934978435,2.3929858364557504
Drain_2_106_105_CS007,Drain_2_106_105,5.913976990735118,-8.0,1022.95084503989,976.5500921436784,107.7051951862401,105.31220934978435,2.3929858364557504
Drain_2_106_105_CS007,Drain_2_106_105,5.913976990735118,-7.5,1022.95084503989,976.5500921436784,107.7051951862401,105.31220934978435,2.3929858364557504
Drain_2_106_105_CS007,Drain_2_106_105,5.913976990735118,-7.0,1022.95084503989,976.5500921436784,107.7051951862401,105.31220934978435,2.3929858364557504
Drain_2_106_105_CS007,Drain_2_106_105,5.913976990735118,-6.5,1022.95084503989,976.5500921436784,107.7051951862401,105.31220934978435,2.3929858364557504
Drain_2_106_105_CS007,Drain_2_106_105,5.913976990735118,-6.0,1022.95084503989,976.5500921436784,107.7051951862401,105.31220934978435,2.3929858364557504
Drain_2_106_105_CS007,Drain_2_106_105,5.913976990735118,-5.5,1022.95084503989,976.5500921436784,107.7051951862401,105.31220934978435,2.3929858364557504
Drain_2_106_105_CS007,Drain_2_106_105,5.913976990735118,-5.0,1022.95084503989,976.5500921436784,107.7051951862401,105.31220934978435,2.3929858364557504
Drain_2_106_105_CS007,Drain_2_106_105,5.913976990735118,-4.5,1022.95084503989,976.5500921436784,107.7051951862401,105.31220934978435,2.3929858364557504
Drain_2_106_105_CS007,Drain_2_106_105,5.913976990735118,-4.0,1022.95084503989,976.5500921436784,107.7051951862401,105.31220934978435,2.3929858364557504
Drain_2_106_105_CS007,Drain_2_106_105,5.913976990735118,-3.5,1022.95084503989,976.5500921436784,107.7051951862401,105.31220934978435,2.3929858364557504
Drain_2_106_105_CS007,Drain_2_106_105,5.913976990735118,-3.0,1022.95084503989,976.5500921436784,107.7051951862401,105.31220934978435,2.3929858364557504
Drain_2_106_105_CS007,Drain_2_106_105,5.913976990735118,-2.5,1022.95084503989,976.5500921436784,107.7051951862401,105.31220934978435,2.3929858364557504
Drain_2_106_105_CS007,Drain_2_106_105,5.913976990735118,-2.0,1022.95084503989,976.5500921436784,107.7051951862401,105.31220934978435,2.3929858364557504
Drain_2_106_105_CS007,Drain_2_106_105,5.913976990735118,-1.5,1022.95084503989,976.5500921436784,107.7051951862401,105.31220934978435,2.3929858364557504
Drain_2_106_105_CS007,Drain_2_106_105,5.913976990735118,-1.0,1022.95084503989,976.5500921436784,107.7051951862401,105.31220934978435,2.3929858364557504
Drain_2_106_105_CS007,Drain_2_106_105,5.913976990735118,-0.5,1022.95084503989,976.5500921436784,107.7051951862401,105.31220934978435,2.3929858364557504
Drain_2_106_105_CS007,Drain_2_106_105,5.913976990735118,0.0,1022.95084503989,976.5500921436784,107.7051951862401,105.31220934978435,2.3929858364557504
Drain_2_106_105_CS007,Drain_2_106_105,5.913976990735118,0.5,1022.95084503989,976.5500921436784,107.7051951862401,105.31220934978435,2.3929858364557504
Drain_2_106_105_CS007,Drain_2_106_105,5.913976990735118,1.0,1022.95084503989,976.5500921436784,107.7051951862401,105.31220934978435,2.3929858364557504
Drain_2_106_105_CS007,Drain_2_106_105,5.913976990735118,1.5,1022.95084503989,976.5500921436784,107.7051951862401,105.31220934978435,2.3929858364557504
Drain_2_106_105_CS007,Drain_2_106_105,5.913976990735118,2.0,1022.95084503989,976.5500921436784,107.7051951862401,105.31220934978435,2.3929858364557504
Drain_2_106_105_CS007,Drain_2_106_105,5.913976990735118,2.5,1022.95084503989,976.5500921436784,107.7051951862401,105.31220934978435,2.3929858364557504
Drain_2_106_105_CS007,Drain_2_106_105,5.913976990735118,3.0,1022.95084503989,976.5500921436784,107.7051951862401,105.31220934978435,2.3929858364557504
Drain_2_106_105_CS007,Drain_2_106_105,5.913976990735118,3.5,1022.95084503989,976.5500921436784,107.7051951862401,105.31220934978435,2.3929858364557504
Drain_2_106_105_CS007,Drain_2_106_105,5.913976990735118,4.0,1022.95084503989,976.5500921436784,107.7051951862401,105.31220934978435,2.3929858364557504
Drain_2_106_105_CS007,Drain_2_106_105,5.913976990735118,4.5,1022.95084503989,976.5500921436784,107.7051951862401,105.31220934978435,2.3929858364557504
Drain_2_106_105_CS007,Drain_2_106_105,5.913976990735118,5.0,1022.95084503989,976.5500921436784,107.7051951862401,105.31220934978435,2.3929858364557504
Drain_2_106_105_CS007,Drain_2_106_105,5.913976990735118,5.5,1022.95084503989,976.5500921436784,107.7051951862401,105.31220934978435,2.3929858364557504
Drain_2_106_105_CS007,Drain_2_106_105,5.913976990735118,6.0,1022.95084503989,976.5500921436784,107.7051951862401,105.31220934978435,2.3929858364557504
Drain_2_106_105_CS007,Drain_2_106_105,5.913976990735118,6.5,1022.95084503989,976.5500921436784,107.7051951862401,105.31220934978435,2.3929858364557504
Drain_2_106_105_CS007,Drain_2_106_105,5.913976990735118,7.0,1022.95084503989,976.5500921436784,107.7051951862401,105.31220934978435,2.3929858364557504
Drain_2_106_105_CS007,Drain_2_106_105,5.913976990735118,7.5,1022.95084503989,976.5500921436784,107.7051951862401,105.31220934978435,2.3929858364557504
Drain_2_106_105_CS007,Drain_2_106_105,5.913976990735118,8.0,1022.95084503989,976.5500921436784,107.7051951862401,105.31220934978435,2.3929858364557504
Drain_2_106_105_CS007,Drain_2_106_105,5.913976990735118,8.5,1022.95084503989,976.5500921436784,107.7051951862401,105.31220934978435,2.3929858364557504
Drain_2_106_105_CS007,Drain_2_106_105,5.913976990735118,9.0,1022.95084503989,976.5500921436784,107.7051951862401,105.31220934978435,2.3929858364557504
Drain_2_106_105_CS007,Drain_2_106_105,5.913976990735118,9.5,1022.95084503989,976.5500921436784,107.7051951862401,105.31220934978435,2.3929858364557504
Drain_2_106_105_CS007,Drain_2_106_105,5.913976990735118,10.0,1022.95084503989,976.5500921436784,107.7051951862401,105.31220934978435,2.3929858364557504
Drain_2_106_105_CS008,Drain_2_106_105,6.675925099296574,-10.0,1023.66251330349,976.8222928099618,107.18419411122449,105.2235954126928,1.9605986985316832
Drain_2_106_105_CS008,Drain_2_106_105,6.675925099296574,-9.5,1023.66251330349,976.8222928099618,107.18419411122449,105.2235954126928,1.9605986985316832
Drain_2_106_105_CS008,Drain_2_106_105,6.675925099296574,-9.0,1023.66251330349,976.8222928099618,107.18419411122449,105.2235954126928,1.9605986985316832
Drain_2_106_105_CS008,Drain_2_106_105,6.675925099296574,-8.5,1023.66251330349,976.8222928099618,107.18419411122449,105.2235954126928,1.9605986985316832
Drain_2_106_105_CS008,Drain_2_106_105,6.675925099296574,-8.0,1023.66251330349,976.8222928099618,107.18419411122449,105.2235954126928,1.9605986985316832
Drain_2_106_105_CS008,Drain_2_106_105,6.675925099296574,-7.5,1023.66251330349,976.8222928099618,107.18419411122449,105.2235954126928,1.9605986985316832
Drain_2_106_105_CS008,Drain_2_106_105,6.675925099296574,-7.0,1023.66251330349,976.8222928099618,107.18419411122449,105.2235954126928,1.9605986985316832
Drain_2_106_105_CS008,Drain_2_106_105,6.675925099296574,-6.5,1023.66251330349,976.8222928099618,107.18419411122449,105.2235954126928,1.9605986985316832
Drain_2_106_105_CS008,Drain_2_106_105,6.675925099296574,-6.0,1023.66251330349,976.8222928099618,107.18419411122449,105.2235954126928,1.9605986985316832
Drain_2_106_105_CS008,Drain_2_106_105,6.675925099296574,-5.5,1023.66251330349,976.8222928099618,107.18419411122449,105.2235954126928,1.9605986985316832
Drain_2_106_105_CS008,Drain_2_106_105,6.675925099296574,-5.0,1023.66251330349,976.8222928099618,107.18419411122449,105.2235954126928,1.9605986985316832
Drain_2_106_105_CS008,Drain_2_106_105,6.675925099296574,-4.5,1023.66251330349,976.8222928099618,107.18419411122449,105.2235954126928,1.9605986985316832
Drain_2_106_105_CS008,Drain_2_106_105,6.675925099296574,-4.0,1023.66251330349,976.8222928099618,107.18419411122449,105.2235954126928,1.9605986985316832
Drain_2_106_105_CS008,Drain_2_106_105,6.675925099296574,-3.5,1023.66251330349,976.8222928099618,107.18419411122449,105.2235954126928,1.9605986985316832
Drain_2_106_105_CS008,Drain_2_106_105,6.675925099296574,-3.0,1023.66251330349,976.8222928099618,107.18419411122449,105.2235954126928,1.9605986985316832
Drain_2_106_105_CS008,Drain_2_106_105,6.675925099296574,-2.5,1023.66251330349,976.8222928099618,107.18419411122449,105.2235954126928,1.9605986985316832
Drain_2_106_105_CS008,Drain_2_106_105,6.675925099296574,-2.0,1023.66251330349,976.8222928099618,107.18419411122449,105.2235954126928,1.9605986985316832
Drain_2_106_105_CS008,Drain_2_106_105,6.675925099296574,-1.5,1023.66251330349,976.8222928099618,107.18419411122449,105.2235954126928,1.9605986985316832
Drain_2_106_105_CS008,Drain_2_106_105,6.675925099296574,-1.0,1023.66251330349,976.8222928099618,107.18419411122449,105.2235954126928,1.9605986985316832
Drain_2_106_105_CS008,Drain_2_106_105,6.675925099296574,-0.5,1023.66251330349,976.8222928099618,107.18419411122449,105.2235954126928,1.9605986985316832
Drain_2_106_105_CS008,Drain_2_106_105,6.675925099296574,0.0,1023.66251330349,976.8222928099618,107.18419411122449,105.2235954126928,1.9605986985316832
Drain_2_106_105_CS008,Drain_2_106_105,6.675925099296574,0.5,1023.66251330349,976.8222928099618,107.18419411122449,105.2235954126928,1.9605986985316832
Drain_2_106_105_CS008,Drain_2_106_105,6.675925099296574,1.0,1023.66251330349,976.8222928099618,107.18419411122449,105.2235954126928,1.9605986985316832
Drain_2_106_105_CS008,Drain_2_106_105,6.675925099296574,1.5,1023.66251330349,976.8222928099618,107.18419411122449,105.2235954126928,1.9605986985316832
Drain_2_106_105_CS008,Drain_2_106_105,6.675925099296574,2.0,1023.66251330349,976.8222928099618,107.18419411122449,105.2235954126928,1.9605986985316832
Drain_2_106_105_CS008,Drain_2_106_105,6.675925099296574,2.5,1023.66251330349,976.8222928099618,107.18419411122449,105.2235954126928,1.9605986985316832
Drain_2_106_105_CS008,Drain_2_106_105,6.675925099296574,3.0,1023.66251330349,976.8222928099618,107.18419411122449,105.2235954126928,1.9605986985316832
Drain_2_106_105_CS008,Drain_2_106_105,6.675925099296574,3.5,1023.66251330349,976.8222928099618,107.18419411122449,105.2235954126928,1.9605986985316832
Drain_2_106_105_CS008,Drain_2_106_105,6.675925099296574,4.0,1023.66251330349,976.8222928099618,107.18419411122449,105.2235954126928,1.9605986985316832
Drain_2_106_105_CS008,Drain_2_106_105,6.675925099296574,4.5,1023.66251330349,976.8222928099618,107.18419411122449,105.2235954126928,1.9605986985316832
Drain_2_106_105_CS008,Drain_2_106_105,6.675925099296574,5.0,1023.66251330349,976.8222928099618,107.18419411122449,105.2235954126928,1.9605986985316832
Drain_2_106_105_CS008,Drain_2_106_105,6.675925099296574,5.5,1023.66251330349,976.8222928099618,107.18419411122449,105.2235954126928,1.9605986985316832
Drain_2_106_105_CS008,Drain_2_106_105,6.675925099296574,6.0,1023.66251330349,976.8222928099618,107.18419411122449,105.2235954126928,1.9605986985316832
Drain_2_106_105_CS008,Drain_2_106_105,6.675925099296574,6.5,1023.66251330349,976.8222928099618,107.18419411122449,105.2235954126928,1.9605986985316832
Drain_2_106_105_CS008,Drain_2_106_105,6.675925099296574,7.0,1023.66251330349,976.8222928099618,107.18419411122449,105.2235954126928,1.9605986985316832
Drain_2_106_105_CS008,Drain_2_106_105,6.675925099296574,7.5,1023.66251330349,976.8222928099618,107.18419411122449,105.2235954126928,1.9605986985316832
Drain_2_106_105_CS008,Drain_2_106_105,6.675925099296574,8.0,1023.66251330349,976.8222928099618,107.18419411122449,105.2235954126928,1.9605986985316832
Drain_2_106_105_CS008,Drain_2_106_105,6.675925099296574,8.5,1023.66251330349,976.8222928099618,107.18419411122449,105.2235954126928,1.9605986985316832
Drain_2_106_105_CS008,Drain_2_106_105,6.675925099296574,9.0,1023.66251330349,976.8222928099618,107.18419411122449,105.2235954126928,1.9605986985316832
Drain_2_106_105_CS008,Drain_2_106_105,6.675925099296574,9.5,1023.66251330349,976.8222928099618,107.18419411122449,105.2235954126928,1.9605986985316832
Drain_2_106_105_CS008,Drain_2_106_105,6.675925099296574,10.0,1023.66251330349,976.8222928099618,107.18419411122449,105.2235954126928,1.9605986985316832
Drain_2_106_105_CS009,Drain_2_106_105,7.368858977133012,-10.0,1024.3516492487863,976.8947428476012,106.91839971532092,105.14300777375875,1.7753919415621624
Drain_2_106_105_CS009,Drain_2_106_105,7.368858977133012,-9.5,1024.3516492487863,976.8947428476012,106.91839971532092,105.14300777375875,1.7753919415621624
Drain_2_106_105_CS009,Drain_2_106_105,7.368858977133012,-9.0,1024.3516492487863,976.8947428476012,106.91839971532092,105.14300777375875,1.7753919415621624
Drain_2_106_105_CS009,Drain_2_106_105,7.368858977133012,-8.5,1024.3516492487863,976.8947428476012,106.91839971532092,105.14300777375875,1.7753919415621624
Drain_2_106_105_CS009,Drain_2_106_105,7.368858977133012,-8.0,1024.3516492487863,976.8947428476012,106.91839971532092,105.14300777375875,1.7753919415621624
Drain_2_106_105_CS009,Drain_2_106_105,7.368858977133012,-7.5,1024.3516492487863,976.8947428476012,106.91839971532092,105.14300777375875,1.7753919415621624
Drain_2_106_105_CS009,Drain_2_106_105,7.368858977133012,-7.0,1024.3516492487863,976.8947428476012,106.91839971532092,105.14300777375875,1.7753919415621624
Drain_2_106_105_CS009,Drain_2_106_105,7.368858977133012,-6.5,1024.3516492487863,976.8947428476012,106.91839971532092,105.14300777375875,1.7753919415621624
Drain_2_106_105_CS009,Drain_2_106_105,7.368858977133012,-6.0,1024.3516492487863,976.8947428476012,106.91839971532092,105.14300777375875,1.7753919415621624
Drain_2_106_105_CS009,Drain_2_106_105,7.368858977133012,-5.5,1024.3516492487863,976.8947428476012,106.91839971532092,105.14300777375875,1.7753919415621624
Drain_2_106_105_CS009,Drain_2_106_105,7.368858977133012,-5.0,1024.3516492487863,976.8947428476012,106.91839971532092,105.14300777375875,1.7753919415621624
Drain_2_106_105_CS009,Drain_2_106_105,7.368858977133012,-4.5,1024.3516492487863,976.8947428476012,106.91839971532092,105.14300777375875,1.7753919415621624
Drain_2_106_105_CS009,Drain_2_106_105,7.368858977133012,-4.0,1024.3516492487863,976.8947428476012,106.91839971532092,105.14300777375875,1.7753919415621624
Drain_2_106_105_CS009,Drain_2_106_105,7.368858977133012,-3.5,1024.3516492487863,976.8947428476012,106.91839971532092,105.14300777375875,1.7753919415621624
Drain_2_106_105_CS009,Drain_2_106_105,7.368858977133012,-3.0,1024.3516492487863,976.8947428476012,106.91839971532092,105.14300777375875,1.7753919415621624
Drain_2_106_105_CS009,Drain_2_106_105,7.368858977133012,-2.5,1024.3516492487863,976.8947428476012,106.91839971532092,105.14300777375875,1.7753919415621624
Drain_2_106_105_CS009,Drain_2_106_105,7.368858977133012,-2.0,1024.3516492487863,976.8947428476012,106.91839971532092,105.14300777375875,1.7753919415621624
Drain_2_106_105_CS009,Drain_2_106_105,7.368858977133012,-1.5,1024.3516492487863,976.8947428476012,106.91839971532092,105.14300777375875,1.7753919415621624
Drain_2_106_105_CS009,Drain_2_106_105,7.368858977133012,-1.0,1024.3516492487863,976.8947428476012,106.91839971532092,105.14300777375875,1.7753919415621624
Drain_2_106_105_CS009,Drain_2_106_105,7.368858977133012,-0.5,1024.3516492487863,976.8947428476012,106.91839971532092,105.14300777375875,1.7753919415621624
Drain_2_106_105_CS009,Drain_2_106_105,7.368858977133012,0.0,1024.3516492487863,976.8947428476012,106.91839971532092,105.14300777375875,1.7753919415621624
Drain_2_106_105_CS009,Drain_2_106_105,7.368858977133012,0.5,1024.3516492487863,976.8947428476012,106.91839971532092,105.14300777375875,1.7753919415621624
Drain_2_106_105_CS009,Drain_2_106_105,7.368858977133012,1.0,1024.3516492487863,976.8947428476012,106.91839971532092,105.14300777375875,1.7753919415621624
Drain_2_106_105_CS009,Drain_2_106_105,7.368858977133012,1.5,1024.3516492487863,976.8947428476012,106.91839971532092,105.14300777375875,1.7753919415621624
Drain_2_106_105_CS009,Drain_2_106_105,7.368858977133012,2.0,1024.3516492487863,976.8947428476012,106.91839971532092,105.14300777375875,1.7753919415621624
Drain_2_106_105_CS009,Drain_2_106_105,7.368858977133012,2.5,1024.3516492487863,976.8947428476012,106.91839971532092,105.14300777375875,1.7753919415621624
Drain_2_106_105_CS009,Drain_2_106_105,7.368858977133012,3.0,1024.3516492487863,976.8947428476012,106.91839971532092,105.14300777375875,1.7753919415621624
Drain_2_106_105_CS009,Drain_2_106_105,7.368858977133012,3.5,1024.3516492487863,976.8947428476012,106.91839971532092,105.14300777375875,1.7753919415621624
Drain_2_106_105_CS009,Drain_2_106_105,7.368858977133012,4.0,1024.3516492487863,976.8947428476012,106.91839971532092,105.14300777375875,1.7753919415621624
Drain_2_106_105_CS009,Drain_2_106_105,7.368858977133012,4.5,1024.3516492487863,976.8947428476012,106.91839971532092,105.14300777375875,1.7753919415621624
Drain_2_106_105_CS009,Drain_2_106_105,7.368858977133012,5.0,1024.3516492487863,976.8947428476012,106.91839971532092,105.14300777375875,1.7753919415621624
Drain_2_106_105_CS009,Drain_2_106_105,7.368858977133012,5.5,1024.3516492487863,976.8947428476012,106.91839971532092,105.14300777375875,1.7753919415621624
Drain_2_106_105_CS009,Drain_2_106_105,7.368858977133012,6.0,1024.3516492487863,976.8947428476012,106.91839971532092,105.14300777375875,1.7753919415621624
Drain_2_106_105_CS009,Drain_2_106_105,7.368858977133012,6.5,1024.3516492487863,976.8947428476012,106.91839971532092,105.14300777375875,1.7753919415621624
Drain_2_106_105_CS009,Drain_2_106_105,7.368858977133012,7.0,1024.3516492487863,976.8947428476012,106.91839971532092,105.14300777375875,1.7753919415621624
Drain_2_106_105_CS009,Drain_2_106_105,7.368858977133012,7.5,1024.3516492487863,976.8947428476012,106.91839971532092,105.14300777375875,1.7753919415621624
Drain_2_106_105_CS009,Drain_2_106_105,7.368858977133012,8.0,1024.3516492487863,976.8947428476012,106.91839971532092,105.14300777375875,1.7753919415621624
Drain_2_106_105_CS009,Drain_2_106_105,7.368858977133012,8.5,1024.3516492487863,976.8947428476012,106.91839971532092,105.14300777375875,1.7753919415621624
Drain_2_106_105_CS009,Drain_2_106_105,7.368858977133012,9.0,1024.3516492487863,976.8947428476012,106.91839971532092,105.14300777375875,1.7753919415621624
Drain_2_106_105_CS009,Drain_2_106_105,7.368858977133012,9.5,1024.3516492487863,976.8947428476012,106.91839971532092,105.14300777375875,1.7753919415621624
Drain_2_106_105_CS009,Drain_2_106_105,7.368858977133012,10.0,1024.3516492487863,976.8947428476012,106.91839971532092,105.14300777375875,1.7753919415621624
Drain_2_106_105_CS010,Drain_2_106_105,8.047508987073064,-10.0,1025.0182528757805,976.7674422565976,106.7125619045052,105.06408133688949,1.6484805676157066
Drain_2_106_105_CS010,Drain_2_106_105,8.047508987073064,-9.5,1025.0182528757805,976.7674422565976,106.7125619045052,105.06408133688949,1.6484805676157066
Drain_2_106_105_CS010,Drain_2_106_105,8.047508987073064,-9.0,1025.0182528757805,976.7674422565976,106.7125619045052,105.06408133688949,1.6484805676157066
Drain_2_106_105_CS010,Drain_2_106_105,8.047508987073064,-8.5,1025.0182528757805,976.7674422565976,106.7125619045052,105.06408133688949,1.6484805676157066
Drain_2_106_105_CS010,Drain_2_106_105,8.047508987073064,-8.0,1025.0182528757805,976.7674422565976,106.7125619045052,105.06408133688949,1.6484805676157066
Drain_2_106_105_CS010,Drain_2_106_105,8.047508987073064,-7.5,1025.0182528757805,976.7674422565976,106.7125619045052,105.06408133688949,1.6484805676157066
Drain_2_106_105_CS010,Drain_2_106_105,8.047508987073064,-7.0,1025.0182528757805,976.7674422565976,106.7125619045052,105.06408133688949,1.6484805676157066
Drain_2_106_105_CS010,Drain_2_106_105,8.047508987073064,-6.5,1025.0182528757805,976.7674422565976,106.7125619045052,105.06408133688949,1.6484805676157066
Drain_2_106_105_CS010,Drain_2_106_105,8.047508987073064,-6.0,1025.0182528757805,976.7674422565976,106.7125619045052,105.06408133688949,1.6484805676157066
Drain_2_106_105_CS010,Drain_2_106_105,8.047508987073064,-5.5,1025.0182528757805,976.7674422565976,106.7125619045052,105.06408133688949,1.6484805676157066
Drain_2_106_105_CS010,Drain_2_106_105,8.047508987073064,-5.0,1025.0182528757805,976.7674422565976,106.7125619045052,105.06408133688949,1.6484805676157066
Drain_2_106_105_CS010,Drain_2_106_105,8.047508987073064,-4.5,1025.0182528757805,976.7674422565976,106.7125619045052,105.06408133688949,1.6484805676157066
Drain_2_106_105_CS010,Drain_2_106_105,8.047508987073064,-4.0,1025.0182528757805,976.7674422565976,106.7125619045052,105.06408133688949,1.6484805676157066
Drain_2_106_105_CS010,Drain_2_106_105,8.047508987073064,-3.5,1025.0182528757805,976.7674422565976,106.7125619045052,105.06408133688949,1.6484805676157066
Drain_2_106_105_CS010,Drain_2_106_105,8.047508987073064,-3.0,1025.0182528757805,976.7674422565976,106.7125619045052,105.06408133688949,1.6484805676157066
Drain_2_106_105_CS010,Drain_2_106_105,8.047508987073064,-2.5,1025.0182528757805,976.7674422565976,106.7125619045052,105.06408133688949,1.6484805676157066
Drain_2_106_105_CS010,Drain_2_106_105,8.047508987073064,-2.0,1025.0182528757805,976.7674422565976,106.7125619045052,105.06408133688949,1.6484805676157066
Drain_2_106_105_CS010,Drain_2_106_105,8.047508987073064,-1.5,1025.0182528757805,976.7674422565976,106.7125619045052,105.06408133688949,1.6484805676157066
Drain_2_106_105_CS010,Drain_2_106_105,8.047508987073064,-1.0,1025.0182528757805,976.7674422565976,106.7125619045052,105.06408133688949,1.6484805676157066
Drain_2_106_105_CS010,Drain_2_106_105,8.047508987073064,-0.5,1025.0182528757805,976.7674422565976,106.7125619045052,105.06408133688949,1.6484805676157066
Drain_2_106_105_CS010,Drain_2_106_105,8.047508987073064,0.0,1025.0182528757805,976.7674422565976,106.7125619045052,105.06408133688949,1.6484805676157066
Drain_2_106_105_CS010,Drain_2_106_105,8.047508987073064,0.5,1025.0182528757805,976.7674422565976,106.7125619045052,105.06408133688949,1.6484805676157066
Drain_2_106_105_CS010,Drain_2_106_105,8.047508987073064,1.0,1025.0182528757805,976.7674422565976,106.7125619045052,105.06408133688949,1.6484805676157066
Drain_2_106_105_CS010,Drain_2_106_105,8.047508987073064,1.5,1025.0182528757805,976.7674422565976,106.7125619045052,105.06408133688949,1.6484805676157066
Drain_2_106_105_CS010,Drain_2_106_105,8.047508987073064,2.0,1025.0182528757805,976.7674422565976,106.7125619045052,105.06408133688949,1.6484805676157066
Drain_2_106_105_CS010,Drain_2_106_105,8.047508987073064,2.5,1025.0182528757805,976.7674422565976,106.7125619045052,105.06408133688949,1.6484805676157066
Drain_2_106_105_CS010,Drain_2_106_105,8.047508987073064,3.0,1025.0182528757805,976.7674422565976,106.7125619045052,105.06408133688949,1.6484805676157066
Drain_2_106_105_CS010,Drain_2_106_105,8.047508987073064,3.5,1025.0182528757805,976.7674422565976,106.7125619045052,105.06408133688949,1.6484805676157066
Drain_2_106_105_CS010,Drain_2_106_105,8.047508987073064,4.0,1025.0182528757805,976.7674422565976,106.7125619045052,105.06408133688949,1.6484805676157066
Drain_2_106_105_CS010,Drain_2_106_105,8.047508987073064,4.5,1025.0182528757805,976.7674422565976,106.7125619045052,105.06408133688949,1.6484805676157066
Drain_2_106_105_CS010,Drain_2_106_105,8.047508987073064,5.0,1025.0182528757805,976.7674422565976,106.7125619045052,105.06408133688949,1.6484805676157066
Drain_2_106_105_CS010,Drain_2_106_105,8.047508987073064,5.5,1025.0182528757805,976.7674422565976,106.7125619045052,105.06408133688949,1.6484805676157066
Drain_2_106_105_CS010,Drain_2_106_105,8.047508987073064,6.0,1025.0182528757805,976.7674422565976,106.7125619045052,105.06408133688949,1.6484805676157066
Drain_2_106_105_CS010,Drain_2_106_105,8.047508987073064,6.5,1025.0182528757805,976.7674422565976,106.7125619045052,105.06408133688949,1.6484805676157066
Drain_2_106_105_CS010,Drain_2_106_105,8.047508987073064,7.0,1025.0182528757805,976.7674422565976,106.7125619045052,105.06408133688949,1.6484805676157066
Drain_2_106_105_CS010,Drain_2_106_105,8.047508987073064,7.5,1025.0182528757805,976.7674422565976,106.7125619045052,105.06408133688949,1.6484805676157066
Drain_2_106_105_CS010,Drain_2_106_105,8.047508987073064,8.0,1025.0182528757805,976.7674422565976,106.7125619045052,105.06408133688949,1.6484805676157066
Drain_2_106_105_CS010,Drain_2_106_105,8.047508987073064,8.5,1025.0182528757805,976.7674422565976,106.7125619045052,105.06408133688949,1.6484805676157066
Drain_2_106_105_CS010,Drain_2_106_105,8.047508987073064,9.0,1025.0182528757805,976.7674422565976,106.7125619045052,105.06408133688949,1.6484805676157066
Drain_2_106_105_CS010,Drain_2_106_105,8.047508987073064,9.5,1025.0182528757805,976.7674422565976,106.7125619045052,105.06408133688949,1.6484805676157066
Drain_2_106_105_CS010,Drain_2_106_105,8.047508987073064,10.0,1025.0182528757805,976.7674422565976,106.7125619045052,105.06408133688949,1.6484805676157066
Drain_2_106_105_CS011,Drain_2_106_105,8.598513208751811,-10.0,1025.5,976.5,106.63192909470251,105.0,1.6319290947025138
Drain_2_106_105_CS011,Drain_2_106_105,8.598513208751811,-9.5,1025.5,976.5,106.63192909470251,105.0,1.6319290947025138
Drain_2_106_105_CS011,Drain_2_106_105,8.598513208751811,-9.0,1025.5,976.5,106.63192909470251,105.0,1.6319290947025138
Drain_2_106_105_CS011,Drain_2_106_105,8.598513208751811,-8.5,1025.5,976.5,106.63192909470251,105.0,1.6319290947025138
Drain_2_106_105_CS011,Drain_2_106_105,8.598513208751811,-8.0,1025.5,976.5,106.63192909470251,105.0,1.6319290947025138
Drain_2_106_105_CS011,Drain_2_106_105,8.598513208751811,-7.5,1025.5,976.5,106.63192909470251,105.0,1.6319290947025138
Drain_2_106_105_CS011,Drain_2_106_105,8.598513208751811,-7.0,1025.5,976.5,106.63192909470251,105.0,1.6319290947025138
Drain_2_106_105_CS011,Drain_2_106_105,8.598513208751811,-6.5,1025.5,976.5,106.63192909470251,105.0,1.6319290947025138
Drain_2_106_105_CS011,Drain_2_106_105,8.598513208751811,-6.0,1025.5,976.5,106.63192909470251,105.0,1.6319290947025138
Drain_2_106_105_CS011,Drain_2_106_105,8.598513208751811,-5.5,1025.5,976.5,106.63192909470251,105.0,1.6319290947025138
Drain_2_106_105_CS011,Drain_2_106_105,8.598513208751811,-5.0,1025.5,976.5,106.63192909470251,105.0,1.6319290947025138
Drain_2_106_105_CS011,Drain_2_106_105,8.598513208751811,-4.5,1025.5,976.5,106.63192909470251,105.0,1.6319290947025138
Drain_2_106_105_CS011,Drain_2_106_105,8.598513208751811,-4.0,1025.5,976.5,106.63192909470251,105.0,1.6319290947025138
Drain_2_106_105_CS011,Drain_2_106_105,8.598513208751811,-3.5,1025.5,976.5,106.63192909470251,105.0,1.6319290947025138
Drain_2_106_105_CS011,Drain_2_106_105,8.598513208751811,-3.0,1025.5,976.5,106.63192909470251,105.0,1.6319290947025138
Drain_2_106_105_CS011,Drain_2_106_105,8.598513208751811,-2.5,1025.5,976.5,106.63192909470251,105.0,1.6319290947025138
Drain_2_106_105_CS011,Drain_2_106_105,8.598513208751811,-2.0,1025.5,976.5,106.63192909470251,105.0,1.6319290947025138
Drain_2_106_105_CS011,Drain_2_106_105,8.598513208751811,-1.5,1025.5,976.5,106.63192909470251,105.0,1.6319290947025138
Drain_2_106_105_CS011,Drain_2_106_105,8.598513208751811,-1.0,1025.5,976.5,106.63192909470251,105.0,1.6319290947025138
Drain_2_106_105_CS011,Drain_2_106_105,8.598513208751811,-0.5,1025.5,976.5,106.63192909470251,105.0,1.6319290947025138
Drain_2_106_105_CS011,Drain_2_106_105,8.598513208751811,0.0,1025.5,976.5,106.63192909470251,105.0,1.6319290947025138
Drain_2_106_105_CS011,Drain_2_106_105,8.598513208751811,0.5,1025.5,976.5,106.63192909470251,105.0,1.6319290947025138
Drain_2_106_105_CS011,Drain_2_106_105,8.598513208751811,1.0,1025.5,976.5,106.63192909470251,105.0,1.6319290947025138
Drain_2_106_105_CS011,Drain_2_106_105,8.598513208751811,1.5,1025.5,976.5,106.63192909470251,105.0,1.6319290947025138
Drain_2_106_105_CS011,Drain_2_106_105,8.598513208751811,2.0,1025.5,976.5,106.63192909470251,105.0,1.6319290947025138
Drain_2_106_105_CS011,Drain_2_106_105,8.598513208751811,2.5,1025.5,976.5,106.63192909470251,105.0,1.6319290947025138
Drain_2_106_105_CS011,Drain_2_106_105,8.598513208751811,3.0,1025.5,976.5,106.63192909470251,105.0,1.6319290947025138
Drain_2_106_105_CS011,Drain_2_106_105,8.598513208751811,3.5,1025.5,976.5,106.63192909470251,105.0,1.6319290947025138
Drain_2_106_105_CS011,Drain_2_106_105,8.598513208751811,4.0,1025.5,976.5,106.63192909470251,105.0,1.6319290947025138
Drain_2_106_105_CS011,Drain_2_106_105,8.598513208751811,4.5,1025.5,976.5,106.63192909470251,105.0,1.6319290947025138
Drain_2_106_105_CS011,Drain_2_106_105,8.598513208751811,5.0,1025.5,976.5,106.63192909470251,105.0,1.6319290947025138
Drain_2_106_105_CS011,Drain_2_106_105,8.598513208751811,5.5,1025.5,976.5,106.63192909470251,105.0,1.6319290947025138
Drain_2_106_105_CS011,Drain_2_106_105,8.598513208751811,6.0,1025.5,976.5,106.63192909470251,105.0,1.6319290947025138
Drain_2_106_105_CS011,Drain_2_106_105,8.598513208751811,6.5,1025.5,976.5,106.63192909470251,105.0,1.6319290947025138
Drain_2_106_105_CS011,Drain_2_106_105,8.598513208751811,7.0,1025.5,976.5,106.63192909470251,105.0,1.6319290947025138
Drain_2_106_105_CS011,Drain_2_106_105,8.598513208751811,7.5,1025.5,976.5,106.63192909470251,105.0,1.6319290947025138
Drain_2_106_105_CS011,Drain_2_106_105,8.598513208751811,8.0,1025.5,976.5,106.63192909470251,105.0,1.6319290947025138
Drain_2_106_105_CS011,Drain_2_106_105,8.598513208751811,8.5,1025.5,976.5,106.63192909470251,105.0,1.6319290947025138
Drain_2_106_105_CS011,Drain_2_106_105,8.598513208751811,9.0,1025.5,976.5,106.63192909470251,105.0,1.6319290947025138
Drain_2_106_105_CS011,Drain_2_106_105,8.598513208751811,9.5,1025.5,976.5,106.63192909470251,105.0,1.6319290947025138
Drain_2_106_105_CS011,Drain_2_106_105,8.598513208751811,10.0,1025.5,976.5,106.63192909470251,105.0,1.6319290947025138
